-- phpMyAdmin SQL Dump
-- version 5.2.1
-- https://www.phpmyadmin.net/
--
-- Host: 127.0.0.1
-- Generation Time: Jun 16, 2025 at 08:13 PM
-- Server version: 10.4.32-MariaDB
-- PHP Version: 8.2.12

SET SQL_MODE = "NO_AUTO_VALUE_ON_ZERO";
START TRANSACTION;
SET time_zone = "+00:00";


/*!40101 SET @OLD_CHARACTER_SET_CLIENT=@@CHARACTER_SET_CLIENT */;
/*!40101 SET @OLD_CHARACTER_SET_RESULTS=@@CHARACTER_SET_RESULTS */;
/*!40101 SET @OLD_COLLATION_CONNECTION=@@COLLATION_CONNECTION */;
/*!40101 SET NAMES utf8mb4 */;

--
-- Database: `lab_inventory`
--

-- --------------------------------------------------------

--
-- Table structure for table `certificates`
--

CREATE TABLE `certificates` (
  `id` int(11) NOT NULL,
  `certificate_number` varchar(50) DEFAULT NULL,
  `year` int(11) DEFAULT NULL,
  `type` enum('internal','external') DEFAULT NULL,
  `date` date DEFAULT NULL,
  `customer_name` varchar(255) DEFAULT NULL,
  `customer_phone` varchar(20) DEFAULT NULL,
  `customer_address` text DEFAULT NULL,
  `analyst` varchar(100) DEFAULT NULL,
  `notes` text DEFAULT NULL,
  `items` longtext CHARACTER SET utf8mb4 COLLATE utf8mb4_bin DEFAULT NULL CHECK (json_valid(`items`)),
  `total_quantity` decimal(10,2) DEFAULT NULL,
  `total_weight` decimal(10,2) DEFAULT NULL,
  `public_id` varchar(36) DEFAULT NULL,
  `created_by` int(11) DEFAULT NULL,
  `created_at` timestamp NOT NULL DEFAULT current_timestamp(),
  `updated_at` timestamp NOT NULL DEFAULT current_timestamp() ON UPDATE current_timestamp()
) ENGINE=InnoDB DEFAULT CHARSET=utf8mb4 COLLATE=utf8mb4_unicode_ci;

--
-- Dumping data for table `certificates`
--

INSERT INTO `certificates` (`id`, `certificate_number`, `year`, `type`, `date`, `customer_name`, `customer_phone`, `customer_address`, `analyst`, `notes`, `items`, `total_quantity`, `total_weight`, `public_id`, `created_by`, `created_at`, `updated_at`) VALUES
(37, '1', 2025, 'external', '2025-06-15', 'أنس كيلاني', '0964594375', 'حماة', 'مالك مدني', NULL, '[{\"sample_number\":null,\"quantity\":100,\"packaging_unit\":null,\"packaging_weight\":1600,\"total_weight\":1600,\"ph\":0.5,\"peroxide\":0.5,\"abs_232\":0.5,\"abs_270\":0.5,\"abs_268\":null,\"abs_262\":null,\"abs_274\":0.5,\"abs_266\":0.5,\"k_232\":null,\"k_270\":null,\"delta_k\":0.5,\"stigmastadiene\":null}]', 100.00, 1600.00, '0e210eba', 3, '2025-06-15 16:07:22', '2025-06-15 16:07:22'),
(38, '2', 2025, 'external', '2025-06-15', 'أنس كيلاني', '0964594375', 'حماة', 'مالك مدني', NULL, '[{\"sample_number\":null,\"quantity\":100,\"packaging_unit\":null,\"packaging_weight\":1600,\"total_weight\":1600,\"ph\":0.5,\"peroxide\":0.5,\"abs_232\":0.5,\"abs_270\":0.5,\"abs_268\":null,\"abs_262\":null,\"abs_274\":0.5,\"abs_266\":0.5,\"k_232\":null,\"k_270\":null,\"delta_k\":0.5,\"stigmastadiene\":null}]', 100.00, 1600.00, '0e210eba', 3, '2025-06-15 16:07:22', '2025-06-15 16:07:22'),
(42, '3', 2025, 'external', '2025-06-15', 'أنس كيلاني', '0964594375', 'حماة', 'مالك مدني', NULL, '[{\"sample_number\":null,\"quantity\":100,\"packaging_unit\":null,\"packaging_weight\":1600,\"total_weight\":1600,\"ph\":0.5,\"peroxide\":0.5,\"abs_232\":0.5,\"abs_270\":0.5,\"abs_268\":null,\"abs_262\":null,\"abs_274\":0.5,\"abs_266\":0.5,\"k_232\":null,\"k_270\":null,\"delta_k\":0.5,\"stigmastadiene\":null}]', 100.00, 1600.00, 'dde93994', 3, '2025-06-15 16:09:19', '2025-06-15 16:09:19'),
(43, '4', 2025, 'external', '2025-06-15', 'أنس كيلاني', '0959595959', 'حماة', 'مالك مدني', NULL, '[{\"sample_number\":null,\"quantity\":100,\"packaging_unit\":\"لتر\",\"packaging_weight\":1600,\"total_weight\":1600,\"ph\":0.5,\"peroxide\":0.5,\"abs_232\":0.5,\"abs_270\":0.56,\"abs_268\":null,\"abs_262\":null,\"abs_274\":0.5,\"abs_266\":0.5,\"k_232\":null,\"k_270\":null,\"delta_k\":0.58,\"stigmastadiene\":0.005},{\"sample_number\":null,\"quantity\":200,\"packaging_unit\":\"لتر\",\"packaging_weight\":3200,\"total_weight\":3200,\"ph\":0.5,\"peroxide\":0.5,\"abs_232\":0.5,\"abs_270\":0.5,\"abs_268\":null,\"abs_262\":null,\"abs_274\":0.5,\"abs_266\":0.5,\"k_232\":null,\"k_270\":null,\"delta_k\":0.5,\"stigmastadiene\":0.005}]', 300.00, 4800.00, 'c208c200', 3, '2025-06-15 16:16:53', '2025-06-15 16:16:53'),
(51, '5', 2025, 'internal', '2025-06-16', 'أنس كيلاني', '0959595959', 'حماة', 'مالك مدني', NULL, '[{\"sample_number\":\"1115511\",\"quantity\":50,\"packaging_unit\":\"لتر\",\"packaging_weight\":50,\"total_weight\":50,\"ph\":5,\"peroxide\":null,\"abs_232\":2,\"abs_270\":2,\"abs_268\":null,\"abs_262\":null,\"abs_274\":2,\"abs_266\":2,\"k_232\":null,\"k_270\":null,\"delta_k\":2,\"stigmastadiene\":null}]', 0.00, 0.00, '94f6af2a', 3, '2025-06-16 07:42:00', '2025-06-16 07:42:00'),
(52, '6', 2025, 'external', '2025-06-16', 'أنس كيلاني', '0959595959', 'حماة', 'مالك مدني', NULL, '[{\"sample_number\":null,\"quantity\":100,\"packaging_unit\":\"لتر\",\"packaging_weight\":1600,\"total_weight\":1600,\"ph\":0.5,\"peroxide\":0.5,\"abs_232\":0.5,\"abs_270\":0.56,\"abs_268\":null,\"abs_262\":null,\"abs_274\":0.5,\"abs_266\":0.5,\"k_232\":null,\"k_270\":null,\"delta_k\":0.58,\"stigmastadiene\":0.005},{\"sample_number\":null,\"quantity\":200,\"packaging_unit\":\"لتر\",\"packaging_weight\":3200,\"total_weight\":3200,\"ph\":0.5,\"peroxide\":0.5,\"abs_232\":0.5,\"abs_270\":0.5,\"abs_268\":null,\"abs_262\":null,\"abs_274\":0.5,\"abs_266\":0.5,\"k_232\":null,\"k_270\":null,\"delta_k\":0.5,\"stigmastadiene\":0.005}]', 300.00, 4800.00, 'a56fe1e8', 3, '2025-06-16 07:43:02', '2025-06-16 07:43:02'),
(53, '7', 2025, 'internal', '2025-06-16', 'أنس كيلاني', '0959595959', 'حماة', 'مالك مدني', NULL, '[{\"sample_number\":\"12334\",\"quantity\":40,\"packaging_unit\":\"لتر\",\"packaging_weight\":40,\"total_weight\":40,\"ph\":4,\"peroxide\":4,\"abs_232\":4,\"abs_270\":4,\"abs_268\":null,\"abs_262\":null,\"abs_274\":4,\"abs_266\":5,\"k_232\":null,\"k_270\":null,\"delta_k\":4,\"stigmastadiene\":null}]', 0.00, 0.00, '88e2d61c', 3, '2025-06-16 07:43:30', '2025-06-16 07:43:30'),
(54, '8', 2025, 'internal', '2025-06-16', 'أنس كيلاني', '0959595959', 'حماة', 'مالك مدني', NULL, '[{\"sample_number\":\"12345683\",\"quantity\":40,\"packaging_unit\":\"لتر\",\"packaging_weight\":40,\"total_weight\":40,\"ph\":6,\"peroxide\":5,\"abs_232\":5,\"abs_270\":5,\"abs_268\":null,\"abs_262\":null,\"abs_274\":5,\"abs_266\":5,\"k_232\":null,\"k_270\":null,\"delta_k\":5,\"stigmastadiene\":null},{\"sample_number\":\"5535\",\"quantity\":2,\"packaging_unit\":\"لتر\",\"packaging_weight\":2,\"total_weight\":2,\"ph\":8,\"peroxide\":5,\"abs_232\":5.254,\"abs_270\":3.4,\"abs_268\":null,\"abs_262\":null,\"abs_274\":5.4,\"abs_266\":5.5,\"k_232\":null,\"k_270\":null,\"delta_k\":7.8,\"stigmastadiene\":null},{\"sample_number\":\"5535\",\"quantity\":40,\"packaging_unit\":\"لتر\",\"packaging_weight\":40,\"total_weight\":40,\"ph\":8,\"peroxide\":5,\"abs_232\":5.254,\"abs_270\":3.4,\"abs_268\":null,\"abs_262\":null,\"abs_274\":5.4,\"abs_266\":5.5,\"k_232\":null,\"k_270\":null,\"delta_k\":7.8,\"stigmastadiene\":null}]', 0.00, 0.00, 'b3e09fae', 3, '2025-06-16 07:50:18', '2025-06-16 07:50:18'),
(55, '9', 2025, 'external', '2025-06-16', 'أنس كيلاني', '0959595959', 'حماة', 'مالك مدني', NULL, '[{\"sample_number\":null,\"quantity\":100,\"packaging_unit\":\"لتر\",\"packaging_weight\":1600,\"total_weight\":1600,\"ph\":0.5,\"peroxide\":0.5,\"abs_232\":0.5,\"abs_270\":0.56,\"abs_268\":null,\"abs_262\":null,\"abs_274\":0.5,\"abs_266\":0.5,\"k_232\":null,\"k_270\":null,\"delta_k\":0.58,\"stigmastadiene\":0.005}]', 100.00, 1600.00, '42f7a1ba', 3, '2025-06-16 07:50:34', '2025-06-16 07:50:34'),
(56, '10', 2025, 'internal', '2025-06-16', 'أنس كيلاني', '0959595959', 'حماة', 'مالك مدني', NULL, '[{\"sample_number\":\"1\",\"quantity\":1,\"packaging_unit\":\"لتر\",\"packaging_weight\":1,\"total_weight\":1,\"ph\":0.05,\"peroxide\":0.05,\"abs_232\":1,\"abs_270\":1,\"abs_268\":null,\"abs_262\":null,\"abs_274\":1,\"abs_266\":1,\"k_232\":null,\"k_270\":null,\"delta_k\":1,\"stigmastadiene\":null}]', 0.00, 0.00, 'a7a32c30', 3, '2025-06-16 07:52:44', '2025-06-16 07:52:44'),
(57, '11', 2025, 'internal', '2025-06-16', 'أنس كيلاني', '0959595959', 'حماة', 'مالك مدني', NULL, '[{\"sample_number\":\"1\",\"quantity\":1,\"packaging_unit\":\"لتر\",\"packaging_weight\":1,\"total_weight\":1,\"ph\":0.05,\"peroxide\":0.05,\"abs_232\":1,\"abs_270\":1,\"abs_268\":null,\"abs_262\":null,\"abs_274\":1,\"abs_266\":1,\"k_232\":null,\"k_270\":null,\"delta_k\":1,\"stigmastadiene\":0.05}]', 1.00, 1.00, '315cf195', 3, '2025-06-16 07:55:50', '2025-06-16 07:55:50'),
(58, '12', 2025, 'internal', '2025-06-16', 'أنس كيلاني', '0959595959', 'حماة', 'مالك مدني', NULL, '[{\"sample_number\":\"1\",\"quantity\":1,\"packaging_unit\":\"لتر\",\"packaging_weight\":1,\"total_weight\":1,\"ph\":0.05,\"peroxide\":0.05,\"abs_232\":1,\"abs_270\":1,\"abs_268\":null,\"abs_262\":null,\"abs_274\":1,\"abs_266\":1,\"k_232\":null,\"k_270\":null,\"delta_k\":1,\"stigmastadiene\":0.05},{\"sample_number\":\"12345683\",\"quantity\":40,\"packaging_unit\":\"لتر\",\"packaging_weight\":40,\"total_weight\":40,\"ph\":6,\"peroxide\":5,\"abs_232\":5,\"abs_270\":5,\"abs_268\":null,\"abs_262\":null,\"abs_274\":5,\"abs_266\":5,\"k_232\":null,\"k_270\":null,\"delta_k\":5,\"stigmastadiene\":5},{\"sample_number\":\"1\",\"quantity\":1,\"packaging_unit\":\"لتر\",\"packaging_weight\":1,\"total_weight\":1,\"ph\":0.01,\"peroxide\":null,\"abs_232\":1,\"abs_270\":1,\"abs_268\":null,\"abs_262\":null,\"abs_274\":1,\"abs_266\":1,\"k_232\":null,\"k_270\":null,\"delta_k\":1,\"stigmastadiene\":null}]', 42.00, 42.00, 'a473251c', 3, '2025-06-16 07:56:21', '2025-06-16 07:56:21'),
(59, '13', 2025, 'internal', '2025-06-16', 'هلق', '0959595959', 'شسبللبيلب', 'بيلربيلبيلبيل', 'edfdfd', '[{\"sample_number\":\"1\",\"quantity\":1,\"packaging_unit\":\"لتر\",\"packaging_weight\":1,\"total_weight\":1,\"ph\":0.05,\"peroxide\":0.05,\"abs_232\":1,\"abs_270\":1,\"abs_268\":null,\"abs_262\":null,\"abs_274\":1,\"abs_266\":1,\"k_232\":null,\"k_270\":null,\"delta_k\":1,\"stigmastadiene\":0.05}]', 1.00, 1.00, 'b8368d38', 3, '2025-06-16 08:06:08', '2025-06-16 08:06:08'),
(61, '15', 2025, 'external', '2025-06-16', 'أنس كيلاني', '0959595959', 'حماة', 'مالك مدني', NULL, '[{\"sample_number\":null,\"quantity\":100,\"packaging_unit\":\"لتر\",\"packaging_weight\":1600,\"total_weight\":1600,\"ph\":0.5,\"peroxide\":0.5,\"abs_232\":0.5,\"abs_270\":0.56,\"abs_268\":null,\"abs_262\":null,\"abs_274\":0.5,\"abs_266\":0.5,\"k_232\":null,\"k_270\":null,\"delta_k\":0.58,\"stigmastadiene\":0.005}]', 100.00, 1600.00, '12ebfebf', 3, '2025-06-16 08:06:44', '2025-06-16 08:06:44');

-- --------------------------------------------------------

--
-- Table structure for table `inventory`
--

CREATE TABLE `inventory` (
  `id` int(11) NOT NULL,
  `date` date NOT NULL,
  `sample_number` varchar(50) NOT NULL,
  `supplier_or_sample_name` varchar(255) NOT NULL,
  `base_quantity` decimal(10,2) DEFAULT NULL,
  `current_quantity` decimal(10,2) DEFAULT NULL,
  `sample_weight` decimal(10,2) DEFAULT NULL,
  `net_weight_total` decimal(10,2) NOT NULL,
  `ph` decimal(4,2) DEFAULT NULL,
  `peroxide_value` decimal(10,2) DEFAULT NULL,
  `absorption_readings` varchar(255) DEFAULT NULL,
  `sigma_absorbance` decimal(10,4) DEFAULT NULL,
  `notes` text DEFAULT NULL,
  `analyst` varchar(100) DEFAULT NULL,
  `created_at` timestamp NOT NULL DEFAULT current_timestamp(),
  `updated_at` timestamp NOT NULL DEFAULT current_timestamp() ON UPDATE current_timestamp(),
  `is_rejected` tinyint(1) DEFAULT 0
) ENGINE=InnoDB DEFAULT CHARSET=utf8mb4 COLLATE=utf8mb4_unicode_ci;

--
-- Dumping data for table `inventory`
--

INSERT INTO `inventory` (`id`, `date`, `sample_number`, `supplier_or_sample_name`, `base_quantity`, `current_quantity`, `sample_weight`, `net_weight_total`, `ph`, `peroxide_value`, `absorption_readings`, `sigma_absorbance`, `notes`, `analyst`, `created_at`, `updated_at`, `is_rejected`) VALUES
(3, '2025-05-18', '123', 'ييب', 5.00, 5.00, NULL, 8558.00, 8.00, 5.00, '5.254 5.5 3.4 5.4 7.8', 5.0000, 'بيليل', 'لغع', '2025-05-19 14:31:06', '2025-06-13 13:22:05', 0),
(4, '2025-05-18', '123', 'ييب', 5.00, 5.00, NULL, 8558.00, 8.00, 5.00, '5.254 5.5 3.4 5.4 7.8', 5.0000, 'بيليل', 'لغع', '2025-05-19 14:31:06', '2025-06-01 14:17:21', 0),
(6, '2025-05-18', '123', 'ييب', 5.00, 5.00, NULL, 8558.00, 8.00, 5.00, '5.254 5.5 3.4 5.4 7.8', 5.0000, 'بيليل', 'لغع', '2025-05-19 14:31:06', '2025-06-01 14:17:21', 0),
(15, '2025-05-19', '5535', 'ييب', 5.00, 2.00, NULL, 8558.00, 8.00, 5.00, '5.254 5.5 3.4 5.4 7.8', 5.0000, 'بيليل', 'لغع', '2025-05-19 14:31:06', '2025-06-10 10:17:28', 0),
(16, '2025-05-19', '5535', 'ييب', 5.00, 5.00, NULL, 8558.00, 8.00, 5.00, '5.254 5.5 3.4 5.4 7.8', 5.0000, 'بيليل', 'لغع', '2025-05-19 14:31:06', '2025-06-01 14:17:21', 0),
(17, '2025-05-19', '5535', 'ييب', 5.00, 5.00, NULL, 8558.00, 8.00, 5.00, '5.254 5.5 3.4 5.4 7.8', 5.0000, 'بيليل', 'لغع', '2025-05-19 14:31:06', '2025-06-01 14:17:21', 0),
(18, '2025-05-19', '5535', 'ييب', 40.00, 40.00, NULL, 8558.00, 8.00, 5.00, '5.254 5.5 3.4 5.4 7.8', 5.0000, 'بيليل', 'لغع', '2025-05-19 14:31:06', '2025-06-01 14:17:21', 0),
(19, '2025-05-19', '5535', 'ييب', 5.00, 5.00, NULL, 8558.00, 8.00, 5.00, '5.254 5.5 3.4 5.4 7.8', 5.0000, 'بيليل', 'لغع', '2025-05-19 14:31:06', '2025-06-13 13:38:59', 0),
(20, '2025-05-19', '5535', 'ييب', 5.00, 5.00, NULL, 8558.00, 8.00, 5.00, '5.254 5.5 3.4 5.4 7.8', 5.0000, 'بيليل', 'لغع', '2025-05-19 14:31:06', '2025-06-01 14:17:21', 0),
(21, '2025-05-19', '5535', 'ييب', 5.00, 5.00, NULL, 8558.00, 8.00, 5.00, '5.254 5.5 3.4 5.4 7.8', 5.0000, 'بيليل', 'لغع', '2025-05-19 14:31:06', '2025-06-01 14:17:21', 0),
(22, '2025-05-19', '5535', 'ييب', 5.00, 5.00, NULL, 8558.00, 8.00, 5.00, '5.254 5.5 3.4 5.4 7.8', 5.0000, 'بيليل', 'لغع', '2025-05-19 14:31:06', '2025-06-01 14:17:21', 0),
(23, '2025-05-19', '5535', 'ييب', 5.00, 5.00, NULL, 8558.00, 8.00, 5.00, '5.254 5.5 3.4 5.4 7.8', 5.0000, 'بيليل', 'لغع', '2025-05-19 14:31:06', '2025-06-01 14:17:21', 0),
(24, '2025-05-18', '123', 'ييب', 5.00, 5.00, NULL, 8558.00, 8.00, 5.00, '5.254 5.5 3.4 5.4 7.8', 5.0000, 'بيليل', 'لغع', '2025-05-19 14:31:06', '2025-06-01 14:17:21', 0),
(25, '2025-05-18', '123', 'ييب', 5.00, 5.00, NULL, 8558.00, 8.00, 5.00, '5.254 5.5 3.4 5.4 7.8', 5.0000, 'بيليل', 'لغع', '2025-05-19 14:31:06', '2025-06-01 14:17:21', 0),
(26, '2025-05-18', '123', 'ييب', 5.00, 5.00, NULL, 8558.00, 8.00, 5.00, '5.254 5.5 3.4 5.4 7.8', 5.0000, 'بيليل', 'لغع', '2025-05-19 14:31:06', '2025-06-01 14:17:21', 0),
(28, '2025-05-19', '5535', 'ييب', 5.00, 5.00, NULL, 8558.00, 8.00, 5.00, '5.254 5.5 3.4 5.4 7.8', 5.0000, 'بيليل', 'لغع', '2025-05-19 14:31:06', '2025-06-01 14:17:21', 0),
(29, '2025-05-19', '5535', 'ييب', 5.00, 5.00, NULL, 8558.00, 8.00, 5.00, '5.254 5.5 3.4 5.4 7.8', 5.0000, 'بيليل', 'لغع', '2025-05-19 14:31:06', '2025-06-01 14:17:21', 0),
(30, '2025-05-19', '5535', 'ييب', 5.00, 5.00, NULL, 8558.00, 8.00, 5.00, '5.254 5.5 3.4 5.4 7.8', 5.0000, 'بيليل', 'لغع', '2025-05-19 14:31:06', '2025-06-01 14:17:21', 0),
(31, '2025-05-19', '12345678', 'بيلبيل', 100.00, 50.00, NULL, 535.44, 7.00, 4.00, '5.254 5.5 3.4 5.4 7.8', 5.0000, 'لبالبالبالبالالب', 'بيلبلبي', '2025-05-19 17:40:40', '2025-06-10 10:17:28', 0),
(32, '2025-05-19', '5535', 'ييب', 40.00, 40.00, NULL, 8558.00, 8.00, 5.00, '5.254 5.5 3.4 5.4 7.8', 5.0000, 'بيليل', 'لغع', '2025-05-19 14:31:06', '2025-06-01 14:17:21', 0),
(33, '2025-05-19', '5535', 'ييب', 5.00, 5.00, NULL, 8558.00, 8.00, 5.00, '5.254 5.5 3.4 5.4 7.8', 5.0000, 'بيليل', 'لغع', '2025-05-19 14:31:06', '2025-06-01 14:17:21', 0),
(34, '2025-05-18', '123', 'ييب', 5.00, 5.00, NULL, 8558.00, 8.00, 5.00, '5.254 5.5 3.4 5.4 7.8', 5.0000, 'بيليل', 'لغع', '2025-05-19 14:31:06', '2025-06-01 14:17:21', 0),
(35, '2025-05-18', '123', 'ييب', 5.00, 5.00, NULL, 8558.00, 8.00, 5.00, '5.254 5.5 3.4 5.4 7.8', 5.0000, 'بيليل', 'لغع', '2025-05-19 14:31:06', '2025-06-01 14:17:21', 0),
(36, '2025-05-18', '123', 'ييب', 5.00, 5.00, NULL, 8558.00, 8.00, 5.00, '5.254 5.5 3.4 5.4 7.8', 5.0000, 'بيليل', 'لغع', '2025-05-19 14:31:06', '2025-06-01 14:17:21', 0),
(37, '2025-05-19', '123', 'anas', 5.00, 5.00, NULL, 8558.00, 8.00, 5.00, '5.254 5.5 3.4 5.4 7.8', 5.0000, 'بيليل', 'لغع', '2025-05-19 14:31:06', '2025-06-01 14:17:21', 0),
(38, '2025-05-19', '5535', 'ييب', 5.00, 5.00, NULL, 8558.00, 8.00, 5.00, '5.254 5.5 3.4 5.4 7.8', 5.0000, 'بيليل', 'لغع', '2025-05-19 14:31:06', '2025-06-01 14:17:21', 0),
(39, '2025-05-19', '5535', 'ييب', 5.00, 5.00, NULL, 8558.00, 8.00, 5.00, '5.254 5.5 3.4 5.4 7.8', 5.0000, 'بيليل', 'لغع', '2025-05-19 14:31:06', '2025-06-13 13:19:43', 0),
(40, '2025-05-19', '5535', 'ييب', 5.00, 5.00, NULL, 8558.00, 8.00, 5.00, '5.254 5.5 3.4 5.4 7.8', 5.0000, 'بيليل', 'لغع', '2025-05-19 14:31:06', '2025-06-01 14:17:21', 0),
(41, '2025-05-19', '12345678', 'بيلبيل', 100.00, 100.00, NULL, 535.44, 7.00, 4.00, '5.254 5.5 3.4 5.4 7.8', 5.0000, 'لبالبالبالبالالب', 'بيلبلبي', '2025-05-19 17:40:40', '2025-06-01 14:17:21', 0),
(42, '2025-05-19', '5535', 'ييب', 40.00, 40.00, NULL, 8558.00, 8.00, 5.00, '5.254 5.5 3.4 5.4 7.8', 5.0000, 'بيليل', 'لغع', '2025-05-19 14:31:06', '2025-06-01 14:17:21', 0),
(43, '2025-05-19', '5535', 'ييب', 5.00, 5.00, NULL, 8558.00, 8.00, 5.00, '5.254 5.5 3.4 5.4 7.8', 5.0000, 'بيليل', 'لغع', '2025-05-19 14:31:06', '2025-06-01 14:17:21', 0),
(44, '2025-05-18', '123', 'ييب', 5.00, 5.00, NULL, 8558.00, 8.00, 5.00, '5.254 5.5 3.4 5.4 7.8', 5.0000, 'بيليل', 'لغع', '2025-05-19 14:31:06', '2025-06-01 14:17:21', 0),
(45, '2025-05-18', '123', 'ييب', 5.00, 5.00, NULL, 8558.00, 8.00, 5.00, '5.254 5.5 3.4 5.4 7.8', 5.0000, 'بيليل', 'لغع', '2025-05-19 14:31:06', '2025-06-01 14:17:21', 0),
(46, '2025-05-18', '123', 'ييب', 5.00, 5.00, NULL, 8558.00, 8.00, 5.00, '5.254 5.5 3.4 5.4 7.8', 5.0000, 'بيليل', 'لغع', '2025-05-19 14:31:06', '2025-06-01 14:17:21', 0),
(47, '2025-05-19', '123', 'anas', 5.00, 5.00, NULL, 8558.00, 8.00, 5.00, '5.254 5.5 3.4 5.4 7.8', 5.0000, 'بيليل', 'لغع', '2025-05-19 14:31:06', '2025-06-01 14:17:21', 0),
(48, '2025-05-19', '5535', 'ييب', 5.00, 5.00, NULL, 8558.00, 8.00, 5.00, '5.254 5.5 3.4 5.4 7.8', 5.0000, 'بيليل', 'لغع', '2025-05-19 14:31:06', '2025-06-01 14:17:21', 0),
(49, '2025-05-19', '5535', 'ييب', 5.00, 5.00, NULL, 8558.00, 8.00, 5.00, '5.254 5.5 3.4 5.4 7.8', 5.0000, 'بيليل', 'لغع', '2025-05-19 14:31:06', '2025-06-01 14:17:21', 0),
(50, '2025-05-19', '5535', 'ييب', 5.00, 5.00, NULL, 8558.00, 8.00, 5.00, '5.254 5.5 3.4 5.4 7.8', 5.0000, 'بيليل', 'لغع', '2025-05-19 14:31:06', '2025-06-01 14:17:21', 0),
(53, '2025-05-19', '5535', 'ييب', 5.00, 5.00, NULL, 8558.00, 8.00, 5.00, '5.254 5.5 3.4 5.4 7.8', 5.0000, 'بيليل', 'لغع', '2025-05-19 14:31:06', '2025-06-13 13:38:55', 0),
(54, '2025-05-18', '123', 'ييب', 5.00, 5.00, NULL, 8558.00, 8.00, 5.00, '5.254 5.5 3.4 5.4 7.8', 5.0000, 'بيليل', 'لغع', '2025-05-19 14:31:06', '2025-06-01 14:17:21', 0),
(55, '2025-05-18', '123', 'ييب', 5.00, 5.00, NULL, 8558.00, 8.00, 5.00, '5.254 5.5 3.4 5.4 7.8', 5.0000, 'بيليل', 'لغع', '2025-05-19 14:31:06', '2025-06-01 14:17:21', 0),
(56, '2025-05-18', '123', 'ييب', 5.00, 5.00, NULL, 8558.00, 8.00, 5.00, '5.254 5.5 3.4 5.4 7.8', 5.0000, 'بيليل', 'لغع', '2025-05-19 14:31:06', '2025-06-01 14:17:21', 0),
(57, '2025-05-19', '123', 'anas', 5.00, 5.00, NULL, 8558.00, 8.00, 5.00, '5.254 5.5 3.4 5.4 7.8', 5.0000, 'بيليل', 'لغع', '2025-05-19 14:31:06', '2025-06-01 14:17:21', 0),
(58, '2025-05-19', '5535', 'ييب', 5.00, 5.00, NULL, 8558.00, 8.00, 5.00, '5.254 5.5 3.4 5.4 7.8', 5.0000, 'بيليل', 'لغع', '2025-05-19 14:31:06', '2025-06-01 14:17:21', 0),
(59, '2025-05-19', '5535', 'ييب', 5.00, 5.00, NULL, 8558.00, 8.00, 5.00, '5.254 5.5 3.4 5.4 7.8', 5.0000, 'بيليل', 'لغع', '2025-05-19 14:31:06', '2025-06-01 14:17:21', 0),
(60, '2025-05-19', '5535', 'ييب', 5.00, 5.00, NULL, 8558.00, 8.00, 5.00, '5.254 5.5 3.4 5.4 7.8', 5.0000, 'بيليل', 'لغع', '2025-05-19 14:31:06', '2025-06-01 14:17:21', 0),
(61, '2025-05-19', '12345678', 'بيلبيل', 100.00, 100.00, NULL, 535.44, 7.00, 4.00, '5.254 5.5 3.4 5.4 7.8', 5.0000, 'لبالبالبالبالالب', 'بيلبلبي', '2025-05-19 17:40:40', '2025-06-01 14:17:21', 0),
(62, '2025-05-19', '5535', 'ييب', 40.00, 40.00, NULL, 8558.00, 8.00, 5.00, '5.254 5.5 3.4 5.4 7.8', 5.0000, 'بيليل', 'لغع', '2025-05-19 14:31:06', '2025-06-01 14:17:21', 0),
(63, '2025-05-19', '5535', 'ييب', 5.00, 5.00, NULL, 8558.00, 8.00, 5.00, '5.254 5.5 3.4 5.4 7.8', 5.0000, 'بيليل', 'لغع', '2025-05-19 14:31:06', '2025-06-14 13:19:30', 1),
(64, '2025-05-18', '123', 'ييب', 5.00, 5.00, NULL, 8558.00, 8.00, 5.00, '5.254 5.5 3.4 5.4 7.8', 5.0000, 'بيليل', 'لغع', '2025-05-19 14:31:06', '2025-06-01 14:17:21', 0),
(65, '2025-05-18', '123', 'ييب', 5.00, 5.00, NULL, 8558.00, 8.00, 5.00, '5.254 5.5 3.4 5.4 7.8', 5.0000, 'بيليل', 'لغع', '2025-05-19 14:31:06', '2025-06-01 14:17:21', 0),
(66, '2025-05-18', '123', 'ييب', 5.00, 5.00, NULL, 8558.00, 8.00, 5.00, '5.254 5.5 3.4 5.4 7.8', 5.0000, 'بيليل', 'لغع', '2025-05-19 14:31:06', '2025-06-01 14:17:21', 0),
(67, '2025-05-19', '123', 'anas', 5.00, 5.00, NULL, 8558.00, 8.00, 5.00, '5.254 5.5 3.4 5.4 7.8', 5.0000, 'بيليل', 'لغع', '2025-05-19 14:31:06', '2025-06-01 14:17:21', 0),
(68, '2025-05-19', '5535', 'ييب', 5.00, 5.00, NULL, 8558.00, 8.00, 5.00, '5.254 5.5 3.4 5.4 7.8', 5.0000, 'بيليل', 'لغع', '2025-05-19 14:31:06', '2025-06-01 14:17:21', 0),
(69, '2025-05-19', '5535', 'ييب', 5.00, 5.00, NULL, 8558.00, 8.00, 5.00, '5.254 5.5 3.4 5.4 7.8', 5.0000, 'بيليل', 'لغع', '2025-05-19 14:31:06', '2025-06-01 14:17:21', 0),
(70, '2025-05-19', '5535', 'ييب', 5.00, 5.00, NULL, 8558.00, 8.00, 5.00, '5.254 5.5 3.4 5.4 7.8', 5.0000, 'بيليل', 'لغع', '2025-05-19 14:31:06', '2025-06-14 13:19:28', 1),
(71, '2025-05-19', '12345678', 'بيلبيل', 100.00, 100.00, NULL, 535.44, 7.00, 4.00, '5.254 5.5 3.4 5.4 7.8', 5.0000, 'لبالبالبالبالالب', 'بيلبلبي', '2025-05-19 17:40:40', '2025-06-01 14:17:21', 0),
(73, '2025-05-19', '5535', 'ييب', 5.00, 5.00, NULL, 8558.00, 8.00, 5.00, '5.254 5.5 3.4 5.4 7.8', 5.0000, 'بيليل', 'لغع', '2025-05-19 14:31:06', '2025-06-13 13:11:58', 0),
(77, '2025-06-10', '12334', 'بليس', 4323.00, 4323.00, NULL, 324.00, 4.00, 4.00, '4 4 4 4 4', 4.0000, 'لاببيب', 'بيلربيلبيلبيل', '2025-06-10 11:16:45', '2025-06-13 13:38:51', 0),
(78, '2025-06-10', '12334', 'بليس', 45.00, 45.00, NULL, 435.00, 4.00, 4.00, '4 4 4 4 4', 4.0000, 'فلاابا', 'بيلربيلبيلبيل', '2025-06-10 11:17:21', '2025-06-13 14:17:30', 0),
(79, '2025-06-10', '12334', 'أنس كيلاني', 45.00, 40.00, NULL, 435.00, 4.00, 4.00, '4 5 4 4 4', 4.0000, 'ملاحظاتتتتتتتتتتتتتتتتتتتتتتتتتتتتت', 'بيلربيلبيلبيل', '2025-06-10 11:17:49', '2025-06-13 14:17:27', 0),
(80, '0000-00-00', '12345679', 'أنس كيلانيييي', 45.00, 45.00, NULL, 435.00, 4.00, 4.00, '4 4 4 4 4', 4.0000, 'بليلبللبلب', 'بيلربيلبيلبيل', '2025-06-10 11:25:55', '2025-06-13 14:17:33', 0),
(81, '2025-06-10', '12345680', 'أنس كيلانيي1', 342.00, 342.00, NULL, 324.00, 3.00, 4.00, '4 4 4 4 6', 4.0000, 'قثفقثفقثفلقثلفق', 'بيلربيلبيلبيل', '2025-06-10 11:35:30', '2025-06-13 13:46:56', 0),
(83, '2025-06-10', '12345682', 'أنس كيلانيي2', 324.00, 200.00, NULL, 5184.00, 3.00, 4.00, '4 4 4 4 4', 4.0000, 'gfdgfdgfdg', 'بيلربيلبيلبيل', '2025-06-10 12:04:55', '2025-06-13 14:17:25', 0),
(84, '2025-06-11', '12345683', 'أنس كيلاني', 100.00, 40.00, NULL, 1600.00, 6.00, 5.00, '5 5 5 5 5 ', 5.0000, 'ملاحظات', 'مالك مدني', '2025-06-11 10:58:32', '2025-06-13 14:17:23', 0),
(86, '2025-06-13', '12345683', 'أنس كيلاني', 50.00, 49.00, NULL, 800.00, 5.00, 5.00, '2 2 2 2 2 ', 5.0000, 'م م م م ممممم مم ', 'انس', '2025-06-13 12:18:04', '2025-06-14 13:19:50', 0),
(87, '2025-06-13', '1115511', 'بليس', 50.00, 50.00, NULL, 800.00, 5.00, NULL, '2 2 2 2 2 ', NULL, '', 'بليس', '2025-06-13 12:20:57', '2025-06-16 15:19:13', 0),
(88, '2025-06-13', '1', 'hghghg', 1.00, 0.00, NULL, 16.00, 1.00, 1.00, '1 1 1 1 1 ', 0.0000, 'ghghghhghg ghhghg gh hghghgh', 'hghghg', '2025-06-13 14:04:40', '2025-06-14 13:19:24', 0),
(89, '2025-06-13', '1', 'hghghg', 1.00, 0.00, NULL, 16.00, 1.00, 1.00, '1 1 1 1 1 ', 0.0001, '', 'hghghg', '2025-06-13 14:19:21', '2025-06-14 13:19:21', 0),
(90, '2025-06-16', '1', 'hghghg', 1.00, 1.00, NULL, 16.00, 0.50, NULL, '1 1 1 1 1 ', NULL, '', 'hghghg', '2025-06-16 07:48:04', '2025-06-16 07:48:04', 0),
(91, '2025-06-16', '1', 'hghghg', 1.00, 1.00, NULL, 16.00, 0.01, NULL, '1 1 1 1 1 ', NULL, '', 'hghghg', '2025-06-16 07:48:24', '2025-06-16 07:48:24', 0),
(92, '2025-06-16', '1', 'هههههه', 1.00, 1.00, NULL, 16.00, 0.01, NULL, '1 1 1 1 1 ', NULL, '', 'hghghg', '2025-06-16 07:48:50', '2025-06-16 07:48:50', 0),
(93, '2025-06-16', '1', 'مممممم', 1.00, 1.00, NULL, 16.00, 0.05, NULL, '1 1 1 1 1 ', NULL, '', 'hghghg', '2025-06-16 07:49:09', '2025-06-16 09:01:24', 0),
(94, '2025-06-16', '1', 'ضضضضضضض', 1.00, 1.00, NULL, 16.00, 0.05, 0.05, '1 1 1 1 1 ', 0.0500, '', 'hghghg', '2025-06-16 07:51:15', '2025-06-16 07:51:15', 0),
(96, '2025-06-16', '1', 'ننننننننننننننننننننن', 1.00, 0.00, NULL, 16.00, 0.05, 0.05, '1 1 1 1 2', 0.0500, '', 'hghghg', '2025-06-16 08:13:46', '2025-06-16 09:02:13', 0),
(97, '2025-06-16', '1', 'ضضضضضضض', 1.00, 0.00, 5.00, 16.00, 0.05, 0.05, '1 1 1 1 1', 0.0500, 'بلبيل', 'hghghg', '2025-06-16 09:04:12', '2025-06-16 09:09:04', 0);

-- --------------------------------------------------------

--
-- Table structure for table `invoices`
--

CREATE TABLE `invoices` (
  `id` int(11) NOT NULL,
  `invoice_number` varchar(50) NOT NULL,
  `date` date NOT NULL,
  `customer_name` varchar(255) NOT NULL,
  `driver_name` varchar(255) DEFAULT NULL,
  `notes` text DEFAULT NULL,
  `customer_phone` varchar(20) DEFAULT NULL,
  `customer_address` text DEFAULT NULL,
  `total_amount` decimal(10,2) NOT NULL,
  `status` enum('paid','unpaid') DEFAULT 'unpaid',
  `created_by` int(11) NOT NULL,
  `created_at` timestamp NOT NULL DEFAULT current_timestamp(),
  `updated_at` timestamp NOT NULL DEFAULT current_timestamp() ON UPDATE current_timestamp(),
  `avg_ph` decimal(10,2) DEFAULT 0.00,
  `avg_peroxide` decimal(10,2) DEFAULT 0.00,
  `avg_232` decimal(10,2) DEFAULT 0.00,
  `avg_270` decimal(10,2) DEFAULT 0.00,
  `avg_delta_k` decimal(10,2) DEFAULT 0.00,
  `total_quantity_tanks` decimal(10,2) DEFAULT 0.00,
  `total_quantity_liters` decimal(10,2) DEFAULT 0.00
) ENGINE=InnoDB DEFAULT CHARSET=utf8mb4 COLLATE=utf8mb4_unicode_ci;

--
-- Dumping data for table `invoices`
--

INSERT INTO `invoices` (`id`, `invoice_number`, `date`, `customer_name`, `driver_name`, `notes`, `customer_phone`, `customer_address`, `total_amount`, `status`, `created_by`, `created_at`, `updated_at`, `avg_ph`, `avg_peroxide`, `avg_232`, `avg_270`, `avg_delta_k`, `total_quantity_tanks`, `total_quantity_liters`) VALUES
(22, '8', '2025-06-01', 'زكريا', 'زكريا', NULL, NULL, NULL, 16.00, 'unpaid', 3, '2025-06-01 16:16:54', '2025-06-01 16:16:54', 8.00, 5.00, 5.50, 5.00, 5.50, 1.00, 16.00),
(23, '9', '2025-06-01', 'زكريا', 'زكريا', NULL, NULL, NULL, 16.00, 'unpaid', 3, '2025-06-01 16:18:52', '2025-06-01 16:18:52', 8.00, 5.00, 5.50, 5.00, 5.50, 1.00, 16.00),
(24, '10', '2025-06-01', 'هلق', 'هلق', 'fgfgggfgf', NULL, NULL, 16.00, 'unpaid', 3, '2025-06-01 17:21:01', '2025-06-01 17:21:01', 8.00, 5.00, 5.50, 5.00, 5.50, 1.00, 16.00),
(25, '11', '2025-06-01', 'هلق', 'هلق', 'fgfgggfgf', NULL, NULL, 16.00, 'unpaid', 3, '2025-06-01 17:21:53', '2025-06-01 17:21:53', 8.00, 5.00, 5.50, 5.00, 5.50, 1.00, 16.00),
(27, '13', '2025-06-01', 'هلق', 'هلق', 'بيللبابيلب', NULL, NULL, 16.00, 'unpaid', 3, '2025-06-01 17:25:15', '2025-06-01 17:25:15', 8.00, 5.00, 5.50, 5.00, 5.50, 1.00, 16.00),
(32, '14', '2025-06-04', 'gfgfg', 'fgfgfg', 'fgfgfgf', NULL, NULL, 16.00, 'unpaid', 3, '2025-06-04 19:24:50', '2025-06-04 19:24:50', 8.00, 5.00, 5.50, 5.00, 5.50, 1.00, 16.00),
(35, '17', '2025-06-10', 'مالك', 'محمد', 'باللبالبال', NULL, NULL, 848.00, 'unpaid', 3, '2025-06-10 10:17:28', '2025-06-10 10:17:28', 7.06, 4.06, 5.25, 5.00, 7.80, 53.00, 848.00),
(37, '18', '2025-06-10', 'ثقبفلاغعت', 'هلق', 'يبلات', NULL, NULL, 16.00, 'unpaid', 3, '2025-06-10 13:29:49', '2025-06-10 13:29:49', 3.00, 4.00, 4.00, 4.00, 4.00, 1.00, 16.00),
(38, '19', '2025-06-11', 'مالك', 'محمد', '', NULL, NULL, 400.00, 'unpaid', 3, '2025-06-11 10:58:46', '2025-06-11 10:58:46', 5.00, 5.00, 5.00, 5.00, 5.00, 25.00, 400.00),
(39, '20', '2025-06-11', 'أنس', 'مالك', '', NULL, NULL, 1568.00, 'unpaid', 3, '2025-06-11 11:00:31', '2025-06-11 11:00:31', 3.51, 4.26, 4.26, 4.26, 4.26, 98.00, 1568.00),
(40, '21', '2025-06-11', 'هلق', 'هلق', 'ملاحظات', NULL, NULL, 160.00, 'unpaid', 3, '2025-06-11 11:01:24', '2025-06-11 11:01:24', 5.00, 5.00, 5.00, 5.00, 5.00, 10.00, 160.00),
(41, '22', '2025-06-13', 'هلق', 'هلق', '', NULL, NULL, 16.00, 'unpaid', 3, '2025-06-13 14:12:03', '2025-06-13 14:12:03', 1.00, 1.00, 1.00, 0.00, 1.00, 1.00, 16.00),
(42, '23', '2025-06-13', 'هلق', 'هلق', '', NULL, NULL, 16.00, 'unpaid', 3, '2025-06-13 14:19:37', '2025-06-13 14:19:37', 1.00, 1.00, 1.00, 0.00, 1.00, 1.00, 16.00),
(43, '24', '2025-06-14', 'هلق', 'هلق', '', NULL, NULL, 16.00, 'unpaid', 3, '2025-06-14 13:19:50', '2025-06-14 13:19:50', 5.00, 5.00, 2.00, 5.00, 2.00, 1.00, 16.00),
(44, '25', '2025-06-16', 'أنس كيلاني', 'مالك', '', NULL, NULL, 16.00, 'unpaid', 3, '2025-06-16 09:01:38', '2025-06-16 09:01:38', 0.05, 0.05, 1.00, 0.05, 2.00, 1.00, 16.00),
(45, '26', '2025-06-16', 'أنس كيلاني', 'مالك', '', NULL, NULL, 16.00, 'unpaid', 3, '2025-06-16 09:09:04', '2025-06-16 09:09:04', 0.05, 0.05, 1.00, 0.05, 1.00, 1.00, 16.00);

-- --------------------------------------------------------

--
-- Table structure for table `invoice_items`
--

CREATE TABLE `invoice_items` (
  `id` int(11) NOT NULL,
  `invoice_id` int(11) NOT NULL,
  `inventory_id` int(11) NOT NULL,
  `quantity` decimal(10,2) NOT NULL,
  `sample_number` varchar(255) DEFAULT NULL,
  `price` decimal(10,2) NOT NULL,
  `created_at` timestamp NOT NULL DEFAULT current_timestamp(),
  `net_weight` decimal(10,2) DEFAULT NULL,
  `ph` decimal(5,2) DEFAULT NULL,
  `peroxide_value` decimal(10,2) DEFAULT NULL,
  `absorption_232` decimal(10,4) DEFAULT NULL,
  `absorption_266` decimal(10,4) DEFAULT NULL,
  `absorption_270` decimal(10,4) DEFAULT NULL,
  `absorption_274` decimal(10,4) DEFAULT NULL,
  `delta_k` decimal(10,4) DEFAULT NULL
) ENGINE=InnoDB DEFAULT CHARSET=utf8mb4 COLLATE=utf8mb4_unicode_ci;

--
-- Dumping data for table `invoice_items`
--

INSERT INTO `invoice_items` (`id`, `invoice_id`, `inventory_id`, `quantity`, `sample_number`, `price`, `created_at`, `net_weight`, `ph`, `peroxide_value`, `absorption_232`, `absorption_266`, `absorption_270`, `absorption_274`, `delta_k`) VALUES
(78, 35, 15, 3.00, '5535', 0.00, '2025-06-10 10:17:28', 48.00, 8.00, 5.00, 5.2540, 5.5000, 3.4000, 5.4000, 7.8000),
(79, 35, 31, 50.00, '12345678', 0.00, '2025-06-10 10:17:28', 800.00, 7.00, 4.00, 5.2540, 5.5000, 3.4000, 5.4000, 7.8000),
(82, 37, 83, 1.00, '12345682', 0.00, '2025-06-10 13:29:49', 16.00, 3.00, 4.00, 4.0000, 4.0000, 4.0000, 4.0000, 4.0000),
(83, 38, 84, 25.00, '12345683', 0.00, '2025-06-11 10:58:46', 400.00, 5.00, 5.00, 5.0000, 5.0000, 5.0000, 5.0000, 5.0000),
(84, 39, 83, 73.00, '12345682', 0.00, '2025-06-11 11:00:31', 1168.00, 3.00, 4.00, 4.0000, 4.0000, 4.0000, 4.0000, 4.0000),
(85, 39, 84, 25.00, '12345683', 0.00, '2025-06-11 11:00:31', 400.00, 5.00, 5.00, 5.0000, 5.0000, 5.0000, 5.0000, 5.0000),
(86, 40, 84, 10.00, '12345683', 0.00, '2025-06-11 11:01:24', 160.00, 5.00, 5.00, 5.0000, 5.0000, 5.0000, 5.0000, 5.0000),
(87, 41, 88, 1.00, '1', 0.00, '2025-06-13 14:12:03', 16.00, 1.00, 1.00, 1.0000, 1.0000, 1.0000, 1.0000, 1.0000),
(88, 42, 89, 1.00, '1', 0.00, '2025-06-13 14:19:37', 16.00, 1.00, 1.00, 1.0000, 1.0000, 1.0000, 1.0000, 1.0000),
(89, 43, 86, 1.00, '12345683', 0.00, '2025-06-14 13:19:50', 16.00, 5.00, 5.00, 2.0000, 2.0000, 2.0000, 2.0000, 2.0000),
(90, 44, 96, 1.00, '1', 0.00, '2025-06-16 09:01:38', 16.00, 0.05, 0.05, 1.0000, 1.0000, 1.0000, 1.0000, 2.0000),
(91, 45, 97, 1.00, '1', 0.00, '2025-06-16 09:09:04', 16.00, 0.05, 0.05, 1.0000, 1.0000, 1.0000, 1.0000, 1.0000);

-- --------------------------------------------------------

--
-- Table structure for table `roles`
--

CREATE TABLE `roles` (
  `id` int(11) NOT NULL,
  `name` varchar(50) NOT NULL,
  `created_at` timestamp NOT NULL DEFAULT current_timestamp()
) ENGINE=InnoDB DEFAULT CHARSET=utf8mb4 COLLATE=utf8mb4_unicode_ci;

--
-- Dumping data for table `roles`
--

INSERT INTO `roles` (`id`, `name`, `created_at`) VALUES
(2, 'editor', '2025-05-19 12:14:12'),
(3, 'viewer', '2025-05-19 12:14:12'),
(9, 'admin', '2025-06-01 14:58:41');

-- --------------------------------------------------------

--
-- Table structure for table `sessions`
--

CREATE TABLE `sessions` (
  `session_id` varchar(128) NOT NULL,
  `expires` int(10) UNSIGNED NOT NULL,
  `data` mediumtext DEFAULT NULL,
  `created_at` timestamp NOT NULL DEFAULT current_timestamp(),
  `updated_at` timestamp NOT NULL DEFAULT current_timestamp() ON UPDATE current_timestamp()
) ENGINE=InnoDB DEFAULT CHARSET=utf8mb4 COLLATE=utf8mb4_unicode_ci;

--
-- Dumping data for table `sessions`
--

INSERT INTO `sessions` (`session_id`, `expires`, `data`, `created_at`, `updated_at`) VALUES
('-eoQUmKlz7X2JMilXCwRbOww9FxYJDZZ', 1750167312, '{\"cookie\":{\"originalMaxAge\":86400000,\"expires\":\"2025-06-17T13:35:11.856Z\",\"secure\":false,\"httpOnly\":true,\"path\":\"/\",\"sameSite\":\"lax\"},\"flash\":{}}', '2025-06-16 13:35:11', '2025-06-16 13:35:11'),
('0_DdOftqBNRibAVpptc2LfswqH6QxZC0', 1750157124, '{\"cookie\":{\"originalMaxAge\":86400000,\"expires\":\"2025-06-17T10:45:23.718Z\",\"secure\":false,\"httpOnly\":true,\"path\":\"/\",\"sameSite\":\"lax\"},\"flash\":{}}', '2025-06-16 10:45:23', '2025-06-16 10:45:23'),
('1lj8IpcUokP8uUdCidLU7a-T9v5tEQfS', 1750183253, '{\"cookie\":{\"originalMaxAge\":86400000,\"expires\":\"2025-06-17T18:00:52.141Z\",\"secure\":false,\"httpOnly\":true,\"path\":\"/\",\"sameSite\":\"lax\"},\"flash\":{}}', '2025-06-16 18:00:52', '2025-06-16 18:00:52'),
('205_8Jj26-yG2DZFAYRTHjs8SocBqyC_', 1750176779, '{\"cookie\":{\"originalMaxAge\":86400000,\"expires\":\"2025-06-17T16:12:58.599Z\",\"secure\":false,\"httpOnly\":true,\"path\":\"/\",\"sameSite\":\"lax\"},\"flash\":{}}', '2025-06-16 16:12:58', '2025-06-16 16:12:58'),
('2dBawL45-G4QPOwwE0lyybiKgCiFt71u', 1750158322, '{\"cookie\":{\"originalMaxAge\":86400000,\"expires\":\"2025-06-17T11:05:21.976Z\",\"secure\":false,\"httpOnly\":true,\"path\":\"/\",\"sameSite\":\"lax\"},\"flash\":{}}', '2025-06-16 11:05:21', '2025-06-16 11:05:21'),
('2zDY2Tnp43SoBnb757JVI3uEFIVP9Jaa', 1750176413, '{\"cookie\":{\"originalMaxAge\":86400000,\"expires\":\"2025-06-17T16:06:52.717Z\",\"secure\":false,\"httpOnly\":true,\"path\":\"/\",\"sameSite\":\"lax\"},\"flash\":{}}', '2025-06-16 16:06:52', '2025-06-16 16:06:52'),
('3qohURidHfCPTt8wbrKVBmk1qjgSFiqK', 1750154246, '{\"cookie\":{\"originalMaxAge\":86400000,\"expires\":\"2025-06-17T09:57:26.129Z\",\"secure\":false,\"httpOnly\":true,\"path\":\"/\",\"sameSite\":\"lax\"},\"flash\":{}}', '2025-06-16 09:57:26', '2025-06-16 09:57:26'),
('4JwKJsQKg86_4xvqOZoVK7YM7TxlEUO1', 1750160646, '{\"cookie\":{\"originalMaxAge\":86400000,\"expires\":\"2025-06-17T11:44:05.054Z\",\"secure\":false,\"httpOnly\":true,\"path\":\"/\",\"sameSite\":\"lax\"},\"flash\":{}}', '2025-06-16 11:44:05', '2025-06-16 11:44:05'),
('50gDzBOD0blp3xmQ0tvRUfE6FxJBVFyI', 1750183904, '{\"cookie\":{\"originalMaxAge\":86400000,\"expires\":\"2025-06-17T18:11:43.820Z\",\"secure\":false,\"httpOnly\":true,\"path\":\"/\",\"sameSite\":\"lax\"},\"flash\":{}}', '2025-06-16 18:11:43', '2025-06-16 18:11:43'),
('5hsJ4mU3vdqzTlmyp_XlCeZzwgAF2J76', 1750167052, '{\"cookie\":{\"originalMaxAge\":86400000,\"expires\":\"2025-06-17T13:30:51.238Z\",\"secure\":false,\"httpOnly\":true,\"path\":\"/\",\"sameSite\":\"lax\"},\"flash\":{}}', '2025-06-16 13:30:51', '2025-06-16 13:30:51'),
('5rhsmqmwEfCWLnU1JOT5Ad3IsGRO5bJ1', 1750183598, '{\"cookie\":{\"originalMaxAge\":86400000,\"expires\":\"2025-06-17T18:06:37.477Z\",\"secure\":false,\"httpOnly\":true,\"path\":\"/\",\"sameSite\":\"lax\"},\"flash\":{}}', '2025-06-16 18:06:37', '2025-06-16 18:06:37'),
('5s--WeEwADLPfL8tNqOdxTdAVYLCZBbf', 1750180427, '{\"cookie\":{\"originalMaxAge\":86400000,\"expires\":\"2025-06-17T17:13:46.745Z\",\"secure\":false,\"httpOnly\":true,\"path\":\"/\",\"sameSite\":\"lax\"},\"flash\":{}}', '2025-06-16 17:13:46', '2025-06-16 17:13:46'),
('697lo2zItZ4GuJEXMt1QtPaZNHhGVCdf', 1750183298, '{\"cookie\":{\"originalMaxAge\":86400000,\"expires\":\"2025-06-17T18:01:36.992Z\",\"secure\":false,\"httpOnly\":true,\"path\":\"/\",\"sameSite\":\"lax\"},\"flash\":{}}', '2025-06-16 18:01:37', '2025-06-16 18:01:37'),
('6NfcRq0IHbIftILOwjU6h7EBF4l3qCMH', 1750179998, '{\"cookie\":{\"originalMaxAge\":86400000,\"expires\":\"2025-06-17T17:06:37.759Z\",\"secure\":false,\"httpOnly\":true,\"path\":\"/\",\"sameSite\":\"lax\"},\"flash\":{}}', '2025-06-16 17:06:37', '2025-06-16 17:06:37'),
('8OGF-bGvnmw2CAHlAuyIJjEMtlmwMvmN', 1750182486, '{\"cookie\":{\"originalMaxAge\":86400000,\"expires\":\"2025-06-17T17:48:05.086Z\",\"secure\":false,\"httpOnly\":true,\"path\":\"/\",\"sameSite\":\"lax\"},\"flash\":{}}', '2025-06-16 17:48:05', '2025-06-16 17:48:05'),
('a-OI-lgjV697kJJzeIveu_jQ-yi2Cls0', 1750178562, '{\"cookie\":{\"originalMaxAge\":86399999,\"expires\":\"2025-06-17T16:42:41.893Z\",\"secure\":false,\"httpOnly\":true,\"path\":\"/\",\"sameSite\":\"lax\"},\"flash\":{}}', '2025-06-16 16:42:41', '2025-06-16 16:42:41'),
('Agt_iFHBrUkRWmOZgyGTij9GNeyIXCun', 1750154299, '{\"cookie\":{\"originalMaxAge\":86400000,\"expires\":\"2025-06-17T09:58:19.241Z\",\"secure\":false,\"httpOnly\":true,\"path\":\"/\",\"sameSite\":\"lax\"},\"flash\":{}}', '2025-06-16 09:58:19', '2025-06-16 09:58:19'),
('aj0XTunsiKAYRNOEh8goncYzhjm6jM6X', 1750155228, '{\"cookie\":{\"originalMaxAge\":86400000,\"expires\":\"2025-06-17T10:13:47.997Z\",\"secure\":false,\"httpOnly\":true,\"path\":\"/\",\"sameSite\":\"lax\"},\"flash\":{}}', '2025-06-16 10:13:48', '2025-06-16 10:13:48'),
('ALq-C5PYA8jJnRJUVCs0yBSKkkvE8mq_', 1750158043, '{\"cookie\":{\"originalMaxAge\":86400000,\"expires\":\"2025-06-17T11:00:43.167Z\",\"secure\":false,\"httpOnly\":true,\"path\":\"/\",\"sameSite\":\"lax\"},\"flash\":{}}', '2025-06-16 11:00:43', '2025-06-16 11:00:43'),
('aNWGc98SRZwoFyDX2VGdAdPUaHv6-mEM', 1750159279, '{\"cookie\":{\"originalMaxAge\":86400000,\"expires\":\"2025-06-17T11:21:19.390Z\",\"secure\":false,\"httpOnly\":true,\"path\":\"/\",\"sameSite\":\"lax\"},\"flash\":{}}', '2025-06-16 11:21:19', '2025-06-16 11:21:19'),
('BQ9OW936a5P15KJSBDwhQeRJb4aX2kci', 1750159133, '{\"cookie\":{\"originalMaxAge\":86400000,\"expires\":\"2025-06-17T11:18:53.013Z\",\"secure\":false,\"httpOnly\":true,\"path\":\"/\",\"sameSite\":\"lax\"},\"flash\":{}}', '2025-06-16 11:18:53', '2025-06-16 11:18:53'),
('cOl6Gt2sTHhlsguqmlUCwspT56bh3dUv', 1750176214, '{\"cookie\":{\"originalMaxAge\":86400000,\"expires\":\"2025-06-17T16:03:33.979Z\",\"secure\":false,\"httpOnly\":true,\"path\":\"/\",\"sameSite\":\"lax\"},\"flash\":{}}', '2025-06-16 16:03:33', '2025-06-16 16:03:33'),
('DmOTY8WFbrOXTKDQwkK82oCDaM7G4Yvx', 1750154348, '{\"cookie\":{\"originalMaxAge\":86400000,\"expires\":\"2025-06-17T09:59:07.976Z\",\"secure\":false,\"httpOnly\":true,\"path\":\"/\",\"sameSite\":\"lax\"},\"flash\":{}}', '2025-06-16 09:59:07', '2025-06-16 09:59:07'),
('dMrrfhR8kttHUXv853k9vySg47yDhsCL', 1750160258, '{\"cookie\":{\"originalMaxAge\":86400000,\"expires\":\"2025-06-17T11:37:37.241Z\",\"secure\":false,\"httpOnly\":true,\"path\":\"/\",\"sameSite\":\"lax\"},\"flash\":{}}', '2025-06-16 11:37:37', '2025-06-16 11:37:38'),
('eZo1JucWndHKgn49IBv6JAMrXaXFTXHb', 1750177321, '{\"cookie\":{\"originalMaxAge\":86400000,\"expires\":\"2025-06-17T16:22:00.931Z\",\"secure\":false,\"httpOnly\":true,\"path\":\"/\",\"sameSite\":\"lax\"},\"flash\":{}}', '2025-06-16 16:22:00', '2025-06-16 16:22:00'),
('f6Ht3p5dWO2b5xmshclhWMo8J86QdHPr', 1750177171, '{\"cookie\":{\"originalMaxAge\":86400000,\"expires\":\"2025-06-17T16:19:31.438Z\",\"secure\":false,\"httpOnly\":true,\"path\":\"/\",\"sameSite\":\"lax\"},\"flash\":{}}', '2025-06-16 16:19:31', '2025-06-16 16:19:31'),
('fah-5b7KNAjyVhbHiWQ0HnkYIYUEKHLo', 1750154809, '{\"cookie\":{\"originalMaxAge\":86400000,\"expires\":\"2025-06-17T10:06:49.124Z\",\"secure\":false,\"httpOnly\":true,\"path\":\"/\",\"sameSite\":\"lax\"},\"flash\":{}}', '2025-06-16 10:06:49', '2025-06-16 10:06:49'),
('FPz0VWtcQnPUbGAw-Z31aLptCYDuqNzX', 1750154524, '{\"cookie\":{\"originalMaxAge\":86400000,\"expires\":\"2025-06-17T10:02:04.023Z\",\"secure\":false,\"httpOnly\":true,\"path\":\"/\",\"sameSite\":\"lax\"},\"flash\":{}}', '2025-06-16 10:02:04', '2025-06-16 10:02:04'),
('gSOj_2b-AJYXB-qtO0kAiwVBpAE6BgMr', 1750183936, '{\"cookie\":{\"originalMaxAge\":86400000,\"expires\":\"2025-06-17T18:00:32.214Z\",\"secure\":false,\"httpOnly\":true,\"path\":\"/\",\"sameSite\":\"lax\"},\"flash\":{},\"user\":{\"id\":11,\"username\":\"Malik\",\"role\":\"viewer\"}}', '2025-06-16 18:00:26', '2025-06-16 18:12:15'),
('GYEz5ygpmgdN6H0axe3d4dqmQDiGapws', 1750183802, '{\"cookie\":{\"originalMaxAge\":86399998,\"expires\":\"2025-06-17T18:09:43.477Z\",\"secure\":false,\"httpOnly\":true,\"path\":\"/\",\"sameSite\":\"lax\"},\"flash\":{}}', '2025-06-16 18:09:43', '2025-06-16 18:10:02'),
('IBzo5C39nOg7bRp7u3yFV0_h3TyUaFyh', 1750166562, '{\"cookie\":{\"originalMaxAge\":86400000,\"expires\":\"2025-06-17T13:22:41.832Z\",\"secure\":false,\"httpOnly\":true,\"path\":\"/\",\"sameSite\":\"lax\"},\"flash\":{}}', '2025-06-16 13:22:41', '2025-06-16 13:22:41'),
('ikTkgJYDnD6yhNOiJbQixhuaLJyC6fye', 1750181246, '{\"cookie\":{\"originalMaxAge\":86400000,\"expires\":\"2025-06-17T17:27:25.076Z\",\"secure\":false,\"httpOnly\":true,\"path\":\"/\",\"sameSite\":\"lax\"},\"flash\":{}}', '2025-06-16 17:27:25', '2025-06-16 17:27:25'),
('J1xbxe7TFEn3exr2dOmLkcDnr-ETBY-q', 1750159922, '{\"cookie\":{\"originalMaxAge\":86399999,\"expires\":\"2025-06-17T11:32:01.312Z\",\"secure\":false,\"httpOnly\":true,\"path\":\"/\",\"sameSite\":\"lax\"},\"flash\":{}}', '2025-06-16 11:32:01', '2025-06-16 11:32:02'),
('lj3w2IEpn2-5BN9PhChFX7-GkHbGcEbT', 1750157399, '{\"cookie\":{\"originalMaxAge\":86400000,\"expires\":\"2025-06-17T10:49:58.504Z\",\"secure\":false,\"httpOnly\":true,\"path\":\"/\",\"sameSite\":\"lax\"},\"flash\":{}}', '2025-06-16 10:49:58', '2025-06-16 10:49:58'),
('lvOkcqlIqtejeI5Zo0JTscoZJeT4yrwW', 1750181326, '{\"cookie\":{\"originalMaxAge\":86400000,\"expires\":\"2025-06-17T17:28:45.970Z\",\"secure\":false,\"httpOnly\":true,\"path\":\"/\",\"sameSite\":\"lax\"},\"flash\":{}}', '2025-06-16 17:28:45', '2025-06-16 17:28:45'),
('MAAPRam5d5huo9SSvyE7YOfc5__-otTp', 1750180015, '{\"cookie\":{\"originalMaxAge\":86399998,\"expires\":\"2025-06-17T09:04:20.610Z\",\"secure\":false,\"httpOnly\":true,\"path\":\"/\",\"sameSite\":\"lax\"},\"flash\":{},\"user\":{\"id\":3,\"username\":\"anas\",\"role\":\"editor\"}}', '2025-06-14 15:49:27', '2025-06-16 17:06:55'),
('mjCG9mVzmDKUxmvizK-MAXkdP3oMnhrM', 1750167182, '{\"cookie\":{\"originalMaxAge\":86400000,\"expires\":\"2025-06-17T13:33:01.780Z\",\"secure\":false,\"httpOnly\":true,\"path\":\"/\",\"sameSite\":\"lax\"},\"flash\":{}}', '2025-06-16 13:33:01', '2025-06-16 13:33:01'),
('mxEup8O4LlHyA-_PtlMWvGuHMtMulXTI', 1750182169, '{\"cookie\":{\"originalMaxAge\":86400000,\"expires\":\"2025-06-17T17:42:49.075Z\",\"secure\":false,\"httpOnly\":true,\"path\":\"/\",\"sameSite\":\"lax\"},\"flash\":{}}', '2025-06-16 17:42:49', '2025-06-16 17:42:49'),
('NI148zHMTwKv2Q_mRgGief5KZn69x17A', 1750167221, '{\"cookie\":{\"originalMaxAge\":86400000,\"expires\":\"2025-06-17T13:33:40.560Z\",\"secure\":false,\"httpOnly\":true,\"path\":\"/\",\"sameSite\":\"lax\"},\"flash\":{}}', '2025-06-16 13:33:40', '2025-06-16 13:33:40'),
('NTxoP236zbTLuzLSfgwbQ9FzU8okjKbu', 1750156144, '{\"cookie\":{\"originalMaxAge\":86400000,\"expires\":\"2025-06-17T10:29:03.145Z\",\"secure\":false,\"httpOnly\":true,\"path\":\"/\",\"sameSite\":\"lax\"},\"flash\":{}}', '2025-06-16 10:29:03', '2025-06-16 10:29:03'),
('nzHWsLpdSo38AwbR-wAe8fPv98BIlmB-', 1750167251, '{\"cookie\":{\"originalMaxAge\":86400000,\"expires\":\"2025-06-17T13:34:10.377Z\",\"secure\":false,\"httpOnly\":true,\"path\":\"/\",\"sameSite\":\"lax\"},\"flash\":{}}', '2025-06-16 13:34:10', '2025-06-16 13:34:10'),
('OghezP635vYNoyQHm3-xa68pFPe5_KHI', 1750175924, '{\"cookie\":{\"originalMaxAge\":86400000,\"expires\":\"2025-06-17T15:58:43.917Z\",\"secure\":false,\"httpOnly\":true,\"path\":\"/\",\"sameSite\":\"lax\"},\"flash\":{}}', '2025-06-16 15:58:43', '2025-06-16 15:58:43'),
('oyPDuHjd3XX9PU10YeUi4I_dEmFMHKKb', 1750180840, '{\"cookie\":{\"originalMaxAge\":86400000,\"expires\":\"2025-06-17T17:20:38.787Z\",\"secure\":false,\"httpOnly\":true,\"path\":\"/\",\"sameSite\":\"lax\"},\"flash\":{}}', '2025-06-16 17:20:38', '2025-06-16 17:20:40'),
('OZLD4slZwcrgPG5XSRpBDiaLXs_F9I7I', 1750181672, '{\"cookie\":{\"originalMaxAge\":86400000,\"expires\":\"2025-06-17T17:34:31.684Z\",\"secure\":false,\"httpOnly\":true,\"path\":\"/\",\"sameSite\":\"lax\"},\"flash\":{}}', '2025-06-16 17:34:31', '2025-06-16 17:34:31'),
('PmeiU5qwapUjXY82LpwLTjPvYwLZLL65', 1750182135, '{\"cookie\":{\"originalMaxAge\":86400000,\"expires\":\"2025-06-17T17:42:14.152Z\",\"secure\":false,\"httpOnly\":true,\"path\":\"/\",\"sameSite\":\"lax\"},\"flash\":{}}', '2025-06-16 17:42:14', '2025-06-16 17:42:14'),
('pQH-xN6vgyvf5Hsxi6SBReK7Xh3pZBCF', 1750182384, '{\"cookie\":{\"originalMaxAge\":86400000,\"expires\":\"2025-06-17T17:46:23.739Z\",\"secure\":false,\"httpOnly\":true,\"path\":\"/\",\"sameSite\":\"lax\"},\"flash\":{}}', '2025-06-16 17:46:23', '2025-06-16 17:46:23'),
('Q9DH3XLvRFn3vBdog4VW7QbUSEFsZWq2', 1750181927, '{\"cookie\":{\"originalMaxAge\":86400000,\"expires\":\"2025-06-17T17:38:45.785Z\",\"secure\":false,\"httpOnly\":true,\"path\":\"/\",\"sameSite\":\"lax\"},\"flash\":{}}', '2025-06-16 17:38:45', '2025-06-16 17:38:46'),
('QFKTvo7oSytPCoyOYSKr3kEbwFEV4TS7', 1750176650, '{\"cookie\":{\"originalMaxAge\":86400000,\"expires\":\"2025-06-17T16:10:49.810Z\",\"secure\":false,\"httpOnly\":true,\"path\":\"/\",\"sameSite\":\"lax\"},\"flash\":{}}', '2025-06-16 16:10:49', '2025-06-16 16:10:49'),
('r0GqBt-3eRMMWPt110hLooI9YS_ZgaOf', 1750157643, '{\"cookie\":{\"originalMaxAge\":86400000,\"expires\":\"2025-06-17T10:54:02.509Z\",\"secure\":false,\"httpOnly\":true,\"path\":\"/\",\"sameSite\":\"lax\"},\"flash\":{}}', '2025-06-16 10:54:02', '2025-06-16 10:54:02'),
('roKL2V1H2pW5gSYlcYL8XGtGqRlf9vwB', 1750155919, '{\"cookie\":{\"originalMaxAge\":86400000,\"expires\":\"2025-06-17T10:25:18.231Z\",\"secure\":false,\"httpOnly\":true,\"path\":\"/\",\"sameSite\":\"lax\"},\"flash\":{}}', '2025-06-16 10:25:18', '2025-06-16 10:25:18'),
('RTLvtjxNwWbKKjCR_3D6sge23QiEgaZD', 1750166766, '{\"cookie\":{\"originalMaxAge\":86400000,\"expires\":\"2025-06-17T13:26:06.056Z\",\"secure\":false,\"httpOnly\":true,\"path\":\"/\",\"sameSite\":\"lax\"},\"flash\":{}}', '2025-06-16 13:26:06', '2025-06-16 13:26:06'),
('RTQqHn8mQJBsk9Mtv-zPohWy95k_gJgJ', 1750183358, '{\"cookie\":{\"originalMaxAge\":86400000,\"expires\":\"2025-06-17T18:02:37.288Z\",\"secure\":false,\"httpOnly\":true,\"path\":\"/\",\"sameSite\":\"lax\"},\"flash\":{}}', '2025-06-16 18:02:37', '2025-06-16 18:02:38'),
('s8apu2B5UYWTbIW1dHfZOsqHP5rbwd6v', 1750176439, '{\"cookie\":{\"originalMaxAge\":86400000,\"expires\":\"2025-06-17T16:07:18.937Z\",\"secure\":false,\"httpOnly\":true,\"path\":\"/\",\"sameSite\":\"lax\"},\"flash\":{}}', '2025-06-16 16:07:18', '2025-06-16 16:07:18'),
('SI0dJgK7EF50siZQGNXCrnjhkO4qpZNm', 1750156512, '{\"cookie\":{\"originalMaxAge\":86400000,\"expires\":\"2025-06-17T10:35:12.109Z\",\"secure\":false,\"httpOnly\":true,\"path\":\"/\",\"sameSite\":\"lax\"},\"flash\":{}}', '2025-06-16 10:35:12', '2025-06-16 10:35:12'),
('sLxw5YSOc0FAo5t978nw7pNPHJzxU8YN', 1750179297, '{\"cookie\":{\"originalMaxAge\":86400000,\"expires\":\"2025-06-17T16:54:56.998Z\",\"secure\":false,\"httpOnly\":true,\"path\":\"/\",\"sameSite\":\"lax\"},\"flash\":{}}', '2025-06-16 16:54:56', '2025-06-16 16:54:57'),
('sQiFGY_wp9PEwjlnhdz_yc_BNd8KHRN5', 1750155409, '{\"cookie\":{\"originalMaxAge\":86399999,\"expires\":\"2025-06-17T10:16:48.868Z\",\"secure\":false,\"httpOnly\":true,\"path\":\"/\",\"sameSite\":\"lax\"},\"flash\":{}}', '2025-06-16 10:16:48', '2025-06-16 10:16:48'),
('t7nyuVGEHzECqrP_j7YeSk_6k7mFs9BR', 1750159344, '{\"cookie\":{\"originalMaxAge\":86400000,\"expires\":\"2025-06-17T11:22:24.002Z\",\"secure\":false,\"httpOnly\":true,\"path\":\"/\",\"sameSite\":\"lax\"},\"flash\":{}}', '2025-06-16 11:22:24', '2025-06-16 11:22:24'),
('tecqZ7xDOM3oK93Y_G3tA_OHQM0LN8Ju', 1750157989, '{\"cookie\":{\"originalMaxAge\":86400000,\"expires\":\"2025-06-17T10:59:48.924Z\",\"secure\":false,\"httpOnly\":true,\"path\":\"/\",\"sameSite\":\"lax\"},\"flash\":{}}', '2025-06-16 10:59:48', '2025-06-16 10:59:48'),
('TLnR3tPSYHo5jrIz456I9tXA4O3JTzhI', 1750180051, '{\"cookie\":{\"originalMaxAge\":86400000,\"expires\":\"2025-06-17T17:07:30.549Z\",\"secure\":false,\"httpOnly\":true,\"path\":\"/\",\"sameSite\":\"lax\"},\"flash\":{}}', '2025-06-16 17:07:30', '2025-06-16 17:07:30'),
('u2U0p99DTi2Wc8CYiqQkGvVgbB9JUAzD', 1750180763, '{\"cookie\":{\"originalMaxAge\":86400000,\"expires\":\"2025-06-17T17:19:23.194Z\",\"secure\":false,\"httpOnly\":true,\"path\":\"/\",\"sameSite\":\"lax\"},\"flash\":{}}', '2025-06-16 17:19:23', '2025-06-16 17:19:23'),
('uEmE6sUO3H21LuBQmDaoyrGsX-rNRFQo', 1750182277, '{\"cookie\":{\"originalMaxAge\":86400000,\"expires\":\"2025-06-17T17:44:35.934Z\",\"secure\":false,\"httpOnly\":true,\"path\":\"/\",\"sameSite\":\"lax\"},\"flash\":{}}', '2025-06-16 17:44:35', '2025-06-16 17:44:36'),
('UTdlpg7m0-H-bNT89qaFJFDjxNhjzUwk', 1750153921, '{\"cookie\":{\"originalMaxAge\":86400000,\"expires\":\"2025-06-17T09:52:00.543Z\",\"secure\":false,\"httpOnly\":true,\"path\":\"/\",\"sameSite\":\"lax\"},\"flash\":{}}', '2025-06-16 09:52:00', '2025-06-16 09:52:00'),
('UVPneCjYr13Pp1MLYx7TkJKYIxc6K0ZD', 1750175730, '{\"cookie\":{\"originalMaxAge\":86400000,\"expires\":\"2025-06-17T15:55:29.908Z\",\"secure\":false,\"httpOnly\":true,\"path\":\"/\",\"sameSite\":\"lax\"},\"flash\":{}}', '2025-06-16 15:55:29', '2025-06-16 15:55:29'),
('VFfcYOV7zEaLAkryNS76yNlTfj10qa4L', 1750178464, '{\"cookie\":{\"originalMaxAge\":86400000,\"expires\":\"2025-06-17T16:41:03.512Z\",\"secure\":false,\"httpOnly\":true,\"path\":\"/\",\"sameSite\":\"lax\"},\"flash\":{}}', '2025-06-16 16:41:03', '2025-06-16 16:41:03'),
('VmAO410iWt5FKxF-jU-YWSbOUDtH4tfG', 1750183388, '{\"cookie\":{\"originalMaxAge\":86400000,\"expires\":\"2025-06-17T18:03:07.348Z\",\"secure\":false,\"httpOnly\":true,\"path\":\"/\",\"sameSite\":\"lax\"},\"flash\":{}}', '2025-06-16 18:03:07', '2025-06-16 18:03:08'),
('W5Qp5oDLWPz46oXiOE4KeFBWkarwwbWM', 1750182039, '{\"cookie\":{\"originalMaxAge\":86400000,\"expires\":\"2025-06-17T17:40:38.412Z\",\"secure\":false,\"httpOnly\":true,\"path\":\"/\",\"sameSite\":\"lax\"},\"flash\":{}}', '2025-06-16 17:40:38', '2025-06-16 17:40:38'),
('Wc3qiYY-H_og3OuSjr7kCuiI4XbOcxvZ', 1750180463, '{\"cookie\":{\"originalMaxAge\":86400000,\"expires\":\"2025-06-17T17:14:23.225Z\",\"secure\":false,\"httpOnly\":true,\"path\":\"/\",\"sameSite\":\"lax\"},\"flash\":{}}', '2025-06-16 17:14:23', '2025-06-16 17:14:23'),
('Wmt8C2BXyJShzFcJBwXRsx_nfUasqL79', 1750153737, '{\"cookie\":{\"originalMaxAge\":86400000,\"expires\":\"2025-06-17T09:48:56.779Z\",\"secure\":false,\"httpOnly\":true,\"path\":\"/\",\"sameSite\":\"lax\"},\"flash\":{}}', '2025-06-16 09:48:56', '2025-06-16 09:48:56'),
('WO83HtqJqXI8Dy4LDfnnos3AFnBMq3c0', 1750181613, '{\"cookie\":{\"originalMaxAge\":86400000,\"expires\":\"2025-06-17T17:33:32.256Z\",\"secure\":false,\"httpOnly\":true,\"path\":\"/\",\"sameSite\":\"lax\"},\"flash\":{}}', '2025-06-16 17:33:32', '2025-06-16 17:33:33'),
('WUiSac4e7qLDf-uljJT8pqcqVbZm8I3S', 1750158120, '{\"cookie\":{\"originalMaxAge\":86400000,\"expires\":\"2025-06-17T11:02:00.455Z\",\"secure\":false,\"httpOnly\":true,\"path\":\"/\",\"sameSite\":\"lax\"},\"flash\":{}}', '2025-06-16 11:02:00', '2025-06-16 11:02:00'),
('X2cEL_S9GS-0EFN2h8uOChfgCxGK6ilP', 1750160775, '{\"cookie\":{\"originalMaxAge\":86400000,\"expires\":\"2025-06-17T11:46:14.174Z\",\"secure\":false,\"httpOnly\":true,\"path\":\"/\",\"sameSite\":\"lax\"},\"flash\":{}}', '2025-06-16 11:46:14', '2025-06-16 11:46:14'),
('XU4-XN1_kdRF8_qMsDAnXBMIdOfECID1', 1750160301, '{\"cookie\":{\"originalMaxAge\":86400000,\"expires\":\"2025-06-17T11:38:20.414Z\",\"secure\":false,\"httpOnly\":true,\"path\":\"/\",\"sameSite\":\"lax\"},\"flash\":{}}', '2025-06-16 11:38:20', '2025-06-16 11:38:21'),
('y3Y2iC-X9MD0nCttfpj8870hKlp2xgko', 1750175598, '{\"cookie\":{\"originalMaxAge\":86400000,\"expires\":\"2025-06-17T15:53:17.822Z\",\"secure\":false,\"httpOnly\":true,\"path\":\"/\",\"sameSite\":\"lax\"},\"flash\":{}}', '2025-06-16 15:53:17', '2025-06-16 15:53:17'),
('YZ-_iDr4JGS58fNGcwWj0qx8ALgGze5T', 1750154090, '{\"cookie\":{\"originalMaxAge\":86400000,\"expires\":\"2025-06-17T09:54:49.574Z\",\"secure\":false,\"httpOnly\":true,\"path\":\"/\",\"sameSite\":\"lax\"},\"flash\":{}}', '2025-06-16 09:54:49', '2025-06-16 09:54:49'),
('ZGhUPJmLdwmDMMO_5otJgNHcnO29C4-C', 1750179507, '{\"cookie\":{\"originalMaxAge\":86400000,\"expires\":\"2025-06-17T16:58:26.651Z\",\"secure\":false,\"httpOnly\":true,\"path\":\"/\",\"sameSite\":\"lax\"},\"flash\":{}}', '2025-06-16 16:58:26', '2025-06-16 16:58:26'),
('ZLX6ybzv1YHdQ7AUXSdxizW8mHzrTVmp', 1750181821, '{\"cookie\":{\"originalMaxAge\":86400000,\"expires\":\"2025-06-17T17:37:00.806Z\",\"secure\":false,\"httpOnly\":true,\"path\":\"/\",\"sameSite\":\"lax\"},\"flash\":{}}', '2025-06-16 17:37:00', '2025-06-16 17:37:00'),
('zrbHvl_XYf5Y_WywnNQ4r60jY3z5aN7O', 1750176988, '{\"cookie\":{\"originalMaxAge\":86400000,\"expires\":\"2025-06-17T16:16:28.206Z\",\"secure\":false,\"httpOnly\":true,\"path\":\"/\",\"sameSite\":\"lax\"},\"flash\":{}}', '2025-06-16 16:16:28', '2025-06-16 16:16:28'),
('zZ57yJbjLuudVXItUdrhd2J2CYN8tV8A', 1750155756, '{\"cookie\":{\"originalMaxAge\":86400000,\"expires\":\"2025-06-17T10:22:36.283Z\",\"secure\":false,\"httpOnly\":true,\"path\":\"/\",\"sameSite\":\"lax\"},\"flash\":{}}', '2025-06-16 10:22:36', '2025-06-16 10:22:36');

-- --------------------------------------------------------

--
-- Table structure for table `users`
--

CREATE TABLE `users` (
  `id` int(11) NOT NULL,
  `username` varchar(50) NOT NULL,
  `password_hash` varchar(255) NOT NULL,
  `role_id` int(11) NOT NULL,
  `created_at` timestamp NOT NULL DEFAULT current_timestamp()
) ENGINE=InnoDB DEFAULT CHARSET=utf8mb4 COLLATE=utf8mb4_unicode_ci;

--
-- Dumping data for table `users`
--

INSERT INTO `users` (`id`, `username`, `password_hash`, `role_id`, `created_at`) VALUES
(3, 'anas', '$2b$10$FNk6hHCPhXWiqwkxUmpBSeCHjqvGxLmQihBxfE5Iq5yYl0EknLl0y', 2, '2025-05-19 12:19:53'),
(11, 'Malik', '$2a$10$TsHfxqS7/IZBCgv0H0N0ruhkMQhg2zv.t4zyBRlAvZR7eAeebMW7a', 3, '2025-06-04 22:58:09');

--
-- Indexes for dumped tables
--

--
-- Indexes for table `certificates`
--
ALTER TABLE `certificates`
  ADD PRIMARY KEY (`id`),
  ADD UNIQUE KEY `unique_certificate_year` (`certificate_number`,`year`),
  ADD KEY `created_by` (`created_by`);

--
-- Indexes for table `inventory`
--
ALTER TABLE `inventory`
  ADD PRIMARY KEY (`id`);

--
-- Indexes for table `invoices`
--
ALTER TABLE `invoices`
  ADD PRIMARY KEY (`id`),
  ADD KEY `created_by` (`created_by`);

--
-- Indexes for table `invoice_items`
--
ALTER TABLE `invoice_items`
  ADD PRIMARY KEY (`id`),
  ADD KEY `inventory_id` (`inventory_id`),
  ADD KEY `invoice_items_ibfk_1` (`invoice_id`);

--
-- Indexes for table `roles`
--
ALTER TABLE `roles`
  ADD PRIMARY KEY (`id`),
  ADD UNIQUE KEY `name` (`name`);

--
-- Indexes for table `sessions`
--
ALTER TABLE `sessions`
  ADD PRIMARY KEY (`session_id`);

--
-- Indexes for table `users`
--
ALTER TABLE `users`
  ADD PRIMARY KEY (`id`),
  ADD UNIQUE KEY `username` (`username`),
  ADD KEY `role_id` (`role_id`);

--
-- AUTO_INCREMENT for dumped tables
--

--
-- AUTO_INCREMENT for table `certificates`
--
ALTER TABLE `certificates`
  MODIFY `id` int(11) NOT NULL AUTO_INCREMENT, AUTO_INCREMENT=63;

--
-- AUTO_INCREMENT for table `inventory`
--
ALTER TABLE `inventory`
  MODIFY `id` int(11) NOT NULL AUTO_INCREMENT, AUTO_INCREMENT=98;

--
-- AUTO_INCREMENT for table `invoices`
--
ALTER TABLE `invoices`
  MODIFY `id` int(11) NOT NULL AUTO_INCREMENT, AUTO_INCREMENT=46;

--
-- AUTO_INCREMENT for table `invoice_items`
--
ALTER TABLE `invoice_items`
  MODIFY `id` int(11) NOT NULL AUTO_INCREMENT, AUTO_INCREMENT=92;

--
-- AUTO_INCREMENT for table `roles`
--
ALTER TABLE `roles`
  MODIFY `id` int(11) NOT NULL AUTO_INCREMENT, AUTO_INCREMENT=25;

--
-- AUTO_INCREMENT for table `users`
--
ALTER TABLE `users`
  MODIFY `id` int(11) NOT NULL AUTO_INCREMENT, AUTO_INCREMENT=13;

--
-- Constraints for dumped tables
--

--
-- Constraints for table `invoices`
--
ALTER TABLE `invoices`
  ADD CONSTRAINT `invoices_ibfk_1` FOREIGN KEY (`created_by`) REFERENCES `users` (`id`);

--
-- Constraints for table `invoice_items`
--
ALTER TABLE `invoice_items`
  ADD CONSTRAINT `invoice_items_ibfk_1` FOREIGN KEY (`invoice_id`) REFERENCES `invoices` (`id`) ON DELETE CASCADE,
  ADD CONSTRAINT `invoice_items_ibfk_2` FOREIGN KEY (`inventory_id`) REFERENCES `inventory` (`id`);

--
-- Constraints for table `users`
--
ALTER TABLE `users`
  ADD CONSTRAINT `users_ibfk_1` FOREIGN KEY (`role_id`) REFERENCES `roles` (`id`);
COMMIT;

/*!40101 SET CHARACTER_SET_CLIENT=@OLD_CHARACTER_SET_CLIENT */;
/*!40101 SET CHARACTER_SET_RESULTS=@OLD_CHARACTER_SET_RESULTS */;
/*!40101 SET COLLATION_CONNECTION=@OLD_COLLATION_CONNECTION */;
